{
	"description": "项目配置文件",
	"packOptions": {
		"ignore": []
	},
	"setting": {
		"urlCheck": false,
		"es6": true,
		"postcss": true,
		"minified": true,
		"newFeature": true,
		"autoAudits": false
	},
	"compileType": "miniprogram",
	"libVersion": "2.6.2",
	"appid": "wx48604553431a5ec2",
	"projectname": "clo",
	"debugOptions": {
		"hidedInDevtools": []
	},
	"isGameTourist": false,
	"simulatorType": "wechat",
	"simulatorPluginLibVersion": {},
	"condition": {
		"search": {
			"current": -1,
			"list": []
		},
		"conversation": {
			"current": -1,
			"list": []
		},
		"plugin": {
			"current": -1,
			"list": []
		},
		"game": {
			"currentL": -1,
			"list": []
		},
		"miniprogram": {
			"current": 21,
			"list": [
				{
					"id": -1,
					"name": "商户申请页",
					"pathName": "pages/merchant/apply",
					"query": ""
				},
				{
					"id": -1,
					"name": "个人中心",
					"pathName": "pages/user/user",
					"query": "",
					"scene": null
				},
				{
					"id": -1,
					"name": "我的发布",
					"pathName": "pages/user/userpublish",
					"query": "",
					"scene": null
				},
				{
					"id": 3,
					"name": "物流信息",
					"pathName": "pages/news/index",
					"query": "",
					"scene": null
				},
				{
					"id": -1,
					"name": "发布信息",
					"pathName": "pages/news/submit",
					"query": "",
					"scene": null
				},
				{
					"id": 5,
					"name": "产品发布",
					"pathName": "pages/news/merpublish",
					"query": "type=12",
					"scene": null
				},
				{
					"id": 6,
					"name": "分类产品列表",
					"pathName": "pages/news/detail",
					"query": "id=13",
					"scene": null
				},
				{
					"id": -1,
					"name": "产品详情",
					"pathName": "pages/news/product",
					"query": "",
					"scene": null
				},
				{
					"id": -1,
					"name": "商家Tabbar页",
					"pathName": "pages/merchant/index",
					"query": "",
					"scene": null
				},
				{
					"id": -1,
					"name": "商家入驻申请",
					"pathName": "pages/merchant/apply",
					"query": "",
					"scene": null
				},
				{
					"id": -1,
					"name": "个人物流列表",
					"pathName": "pages/news/peoplelist",
					"query": "",
					"scene": null
				},
				{
					"id": -1,
					"name": "个人物流申请",
					"pathName": "pages/merchant/applypeople",
					"query": "",
					"scene": null
				},
				{
					"id": -1,
					"name": "我的搜藏",
					"pathName": "pages/user/userstar",
					"query": "",
					"scene": null
				},
				{
					"id": -1,
					"name": "我的收藏",
					"pathName": "pages/user/userstar",
					"query": "",
					"scene": null
				},
				{
					"id": -1,
					"name": "车队详情",
					"pathName": "pages/news/carlist",
					"query": "",
					"scene": null
				},
				{
					"id": -1,
					"name": "商家详情",
					"pathName": "pages/merchant/merchantdetail",
					"query": "id=140",
					"scene": null
				},
				{
					"id": -1,
					"name": "个人物流",
					"pathName": "pages/news/peopledetail",
					"query": "id=46",
					"scene": null
				},
				{
					"id": -1,
					"name": "车队物流详情",
					"pathName": "pages/news/branch",
					"query": "id=7",
					"scene": null
				},
				{
					"id": -1,
					"name": "热门车队",
					"pathName": "pages/news/carindex",
					"query": "",
					"scene": null
				},
				{
					"id": -1,
					"name": "商家信息管理",
					"pathName": "pages/user/managermer",
					"query": "",
					"scene": null
				},
				{
					"id": -1,
					"name": "物流信息管理",
					"pathName": "pages/user/managercar",
					"query": "",
					"scene": null
				},
				{
					"id": -1,
					"name": "pages/news/peopledetail",
					"pathName": "pages/news/peopledetail",
					"query": "id=28",
					"scene": null
				}
			]
		}
	}
}